id,govid,govname,award,profile_url,year,name,affiliation,location,deceased
1909,202,National Academy of Medicine,NAM Member,https://nam.edu/member/a-clifford-barger/,1974,A. Clifford Barger,Harvard Medical School,,Y
1909,202,National Academy of Medicine,NAM Member,https://nam.edu/member/a-m-cormack/,1992,A. M. Cormack,Tufts University,,Y
1909,202,National Academy of Medicine,NAM Member,https://nam.edu/member/adam-yarmolinsky/,1970,Adam Yarmolinsky,"University of Maryland, Baltimore County",,Y
1909,202,National Academy of Medicine,NAM Member,https://nam.edu/member/alan-h-decherney/,2004,Alan H. DeCherney,,Maryland,
1909,202,National Academy of Medicine,NAM Member,https://nam.edu/member/albert-george-mulley-jr/,2012,Albert George Mulley,Geisel School of Medicine at Dartmouth,Massachusetts,
1909,202,National Academy of Medicine,NAM Member,https://nam.edu/member/alfred-p-fishman/,1982,Alfred P. Fishman,University of Pennsylvania Health System,,Y
1909,202,National Academy of Medicine,NAM Member,https://nam.edu/member/alicia-h-munnell/,1986,Alicia H. Munnell,Boston College,Massachusetts,
1909,202,National Academy of Medicine,NAM Member,https://nam.edu/member/allan-c-barnes/,1971,Allan C. Barnes,The Population Council,New York,Y
1909,202,National Academy of Medicine,NAM Member,https://nam.edu/member/allen-d-roses/,1994,Allen D. Roses,Duke University,,Y
1909,202,National Academy of Medicine,NAM Member,https://nam.edu/member/alonzo-yerby/,1970,Alonzo Yerby,Uniformed Services University of the Health Sciences,,Y
1909,202,National Academy of Medicine,NAM Member,https://nam.edu/member/alvin-morris/,1971,Alvin Morris,No Affiliation,,Y
1909,202,National Academy of Medicine,NAM Member,https://nam.edu/member/alvin-r-tarlov/,1981,Alvin R. Tarlov,No Affiliation,Illinois,Y
1909,202,National Academy of Medicine,NAM Member,https://nam.edu/member/amy-l-baker/,2020,Amy L. Baker,U.S. Department of Agriculture,Iowa,
1909,202,National Academy of Medicine,NAM Member,https://nam.edu/member/andrew-g-wallace/,1996,Andrew G. Wallace,No Affiliation,New Hampshire,
1909,202,National Academy of Medicine,NAM Member,https://nam.edu/member/ann-w-burgess/,1994,Ann W. Burgess,Boston College,Pennsylvania,
1909,202,National Academy of Medicine,NAM Member,https://nam.edu/member/anne-b-young/,1994,Anne B. Young,Massachusetts General Hospital,Massachusetts,
1909,202,National Academy of Medicine,NAM Member,https://nam.edu/member/anthony-cerami/,1994,Anthony Cerami,"Araim Pharmaceuticals, Inc.",New York,
1909,202,National Academy of Medicine,NAM Member,https://nam.edu/member/anthony-s-fauci/,1987,Anthony S. Fauci,Georgetown University School of Medicine,Maryland,
1909,202,National Academy of Medicine,NAM Member,https://nam.edu/member/aravinda-chakravarti/,2007,Aravinda Chakravarti,New York University Grossman School of Medicine,New York,
1909,202,National Academy of Medicine,NAM Member,https://nam.edu/member/arno-g-motulsky/,1974,Arno G. Motulsky,University of Washington School of Medicine,,Y
1909,202,National Academy of Medicine,NAM Member,https://nam.edu/member/arthur-c-upton/,1979,Arthur C. Upton,No Affiliation,,Y
1909,202,National Academy of Medicine,NAM Member,https://nam.edu/member/arup-k-chakraborty/,2017,Arup K. Chakraborty,Massachusetts Institute of Technology,Massachusetts,
1909,202,National Academy of Medicine,NAM Member,https://nam.edu/member/augustine-m-k-choi/,2020,Augustine M.K. Choi,No Affiliation,New York,
1909,202,National Academy of Medicine,NAM Member,https://nam.edu/member/bailus-walker-jr/,1990,Bailus Walker,Howard University,New York,Y
1909,202,National Academy of Medicine,NAM Member,https://nam.edu/member/barbara-g-rosenkrantz/,1981,Barbara G. Rosenkrantz,Harvard University,,Y
1909,202,National Academy of Medicine,NAM Member,https://nam.edu/member/baruch-a-brody/,2001,Baruch A. Brody,Rice University,Texas,Y
1909,202,National Academy of Medicine,NAM Member,https://nam.edu/member/beatrix-a-hamburg/,1979,Beatrix A. Hamburg,No Affiliation,,Y
1909,202,National Academy of Medicine,NAM Member,https://nam.edu/member/ben-d-barker/,1983,Ben D. Barker,The University of North Carolina at Chapel Hill,Michigan,Y
1909,202,National Academy of Medicine,NAM Member,https://nam.edu/member/benjamin-k-chu/,2015,Benjamin K. Chu,No Affiliation,Texas,
1909,202,National Academy of Medicine,NAM Member,https://nam.edu/member/benjamin-s-bunney/,1993,Benjamin S. Bunney,Yale School of Medicine,Connecticut,
1909,202,National Academy of Medicine,NAM Member,https://nam.edu/member/bernard-b-brodie/,1971,Bernard B. Brodie,,,Y
1909,202,National Academy of Medicine,NAM Member,https://nam.edu/member/bruce-d-walker/,2009,Bruce D. Walker,Harvard Medical School,Massachusetts,
1909,202,National Academy of Medicine,NAM Member,https://nam.edu/member/bryan-l-roth/,2014,Bryan L. Roth,"University of North Carolina, School of Medicine",North Carolina,
1909,202,National Academy of Medicine,NAM Member,https://nam.edu/member/c-wayne-bardin/,1991,C. Wayne Bardin,Bardin LLC,New York,Y
1909,202,National Academy of Medicine,NAM Member,https://nam.edu/member/carl-e-taylor/,1978,Carl E. Taylor,Johns Hopkins University,,Y
1909,202,National Academy of Medicine,NAM Member,https://nam.edu/member/carlos-del-rio/,2013,Carlos del Rio,Emory University,Georgia,
1909,202,National Academy of Medicine,NAM Member,https://nam.edu/member/carol-j-baker/,2019,Carol J. Baker,University of Texas Health Science Center at Houston,Texas,
1909,202,National Academy of Medicine,NAM Member,https://nam.edu/member/carolina-barillas-mury/,2021,Carolina Barillas-Mury,National Institutes of Health,Maryland,
1909,202,National Academy of Medicine,NAM Member,https://nam.edu/member/caroline-breese-hall/,2002,Caroline Breese Hall,University of Rochester School of Medicine and Dentistry,New York,Y
1909,202,National Academy of Medicine,NAM Member,https://nam.edu/member/charles-d-flagle/,1978,Charles D. Flagle,Johns Hopkins University,,Y
1909,202,National Academy of Medicine,NAM Member,https://nam.edu/member/charles-k-francis/,1990,Charles K. Francis,UMDNJ - Robert Wood Johnson Medical School Piscataway,,Y
1909,202,National Academy of Medicine,NAM Member,https://nam.edu/member/charles-r-halpern/,1972,Charles R. Halpern,No Affiliation,District of Columbia,
1909,202,National Academy of Medicine,NAM Member,https://nam.edu/member/cheryl-lyn-walker/,2016,Cheryl Lyn Walker,Baylor College of Medicine,Texas,
1909,202,National Academy of Medicine,NAM Member,https://nam.edu/member/christopher-j-l-murray/,2007,Christopher J.L. Murray,Institute for Health Metrics and Evaluation,Washington,
1909,202,National Academy of Medicine,NAM Member,https://nam.edu/member/christopher-k-glass/,2015,Christopher K. Glass,"University of California, San Diego",California,
1909,202,National Academy of Medicine,NAM Member,https://nam.edu/member/claire-d-brindis/,2011,Claire D. Brindis,"University of California, San Francisco",California,
1909,202,National Academy of Medicine,NAM Member,https://nam.edu/member/claire-m-fraser/,2011,Claire M. Fraser,University of Maryland at Baltimore School of Medicine,Maryland,
1909,202,National Academy of Medicine,NAM Member,https://nam.edu/member/clyde-f-barker/,1992,Clyde F. Barker,University of Pennsylvania Medical Center,Pennsylvania,
1909,202,National Academy of Medicine,NAM Member,https://nam.edu/member/cornelia-i-bargmann/,2017,Cornelia I. Bargmann,The Rockefeller University,New York,
1909,202,National Academy of Medicine,NAM Member,https://nam.edu/member/cornelius-rosse/,2001,Cornelius Rosse,University of Washington School of Medicine,Washington,
1909,202,National Academy of Medicine,NAM Member,https://nam.edu/member/cynthia-d-mulrow/,2007,Cynthia D. Mulrow,American College of Physicians,Texas,
1909,202,National Academy of Medicine,NAM Member,https://nam.edu/member/daiming-fan/,2013,Daiming Fan,Chinese Academy of Engineering,China,
1909,202,National Academy of Medicine,NAM Member,https://nam.edu/member/dan-w-brock/,2006,Dan W. Brock,Harvard Medical School,Massachusetts,Y
1909,202,National Academy of Medicine,NAM Member,https://nam.edu/member/david-a-tuveson/,2022,David A. Tuveson,Cold Spring Harbor Laboratory,New York,
1909,202,National Academy of Medicine,NAM Member,https://nam.edu/member/david-cella/,2019,David Cella,Northwestern University Feinberg School of Medicine,Illinois,
1909,202,National Academy of Medicine,NAM Member,https://nam.edu/member/david-e-poswillo/,1989,David E. Poswillo,University of London,New Zealand,Y
1909,202,National Academy of Medicine,NAM Member,https://nam.edu/member/david-r-challoner/,1981,David R. Challoner,University of Florida,Missouri,
1909,202,National Academy of Medicine,NAM Member,https://nam.edu/member/david-rosner/,2010,David Rosner,"Columbia University, Mailman School of Public Health",New York,
1909,202,National Academy of Medicine,NAM Member,https://nam.edu/member/david-valle/,2002,David Valle,Johns Hopkins University,New York,
1909,202,National Academy of Medicine,NAM Member,https://nam.edu/member/deanna-marie-barch/,2020,Deanna Marie Barch,Washington University,Missouri,
1909,202,National Academy of Medicine,NAM Member,https://nam.edu/member/deborah-e-powell/,2000,Deborah E. Powell,"University of Minnesota, Minneapolis",Minnesota,
1909,202,National Academy of Medicine,NAM Member,https://nam.edu/member/delbert-a-fisher/,1988,Delbert A. Fisher,No Affiliation,California,
1909,202,National Academy of Medicine,NAM Member,https://nam.edu/member/dennis-choi/,2000,Dennis Choi,State University of New York at Stony Brook,Missouri,
1909,202,National Academy of Medicine,NAM Member,https://nam.edu/member/diana-lee-farmer/,2011,Diana Lee Farmer,"University of California, Davis Health System",California,
1909,202,National Academy of Medicine,NAM Member,https://nam.edu/member/donald-m-yealy/,2017,Donald M. Yealy,University of Pittsburgh,Pennsylvania,
1909,202,National Academy of Medicine,NAM Member,https://nam.edu/member/donald-s-burke/,2009,Donald S. Burke,University of Pittsburgh,Pennsylvania,
1909,202,National Academy of Medicine,NAM Member,https://nam.edu/member/dorothy-f-bainton/,1990,Dorothy F. Bainton,No Affiliation,California,
1909,202,National Academy of Medicine,NAM Member,https://nam.edu/member/douglas-c-wallace/,2009,Douglas C. Wallace,Children's Hospital of Philadelphia,California,
1909,202,National Academy of Medicine,NAM Member,https://nam.edu/member/edvard-ingjald-moser/,2015,Edvard Ingjald Moser,Norwegian University of Science and Technology,Norway,
1909,202,National Academy of Medicine,NAM Member,https://nam.edu/member/edward-a-mortimer-jr/,1989,Edward A. Mortimer,Case Western Reserve University,,Y
1909,202,National Academy of Medicine,NAM Member,https://nam.edu/member/ellen-frank/,1999,Ellen Frank,HealthRhythms,Pennsylvania,
1909,202,National Academy of Medicine,NAM Member,https://nam.edu/member/elliot-l-chaikof/,2014,Elliot L. Chaikof,Harvard Medical School,Massachusetts,
1909,202,National Academy of Medicine,NAM Member,https://nam.edu/member/elliott-s-fisher/,2006,Elliott S. Fisher,Dartmouth Geisel School of Medicine,New Hampshire,
1909,202,National Academy of Medicine,NAM Member,https://nam.edu/member/emil-r-unanue/,1995,Emil R. Unanue,Washington University School of Medicine in St. Louis,Missouri,Y
1909,202,National Academy of Medicine,NAM Member,https://nam.edu/member/erik-brodt/,2021,Erik Brodt,Oregon Health & Science University,Oregon,
1909,202,National Academy of Medicine,NAM Member,https://nam.edu/member/ferid-murad/,1998,Ferid Murad,The George Washington University,Texas,
1909,202,National Academy of Medicine,NAM Member,https://nam.edu/member/frank-e-young/,1980,Frank E. Young,Essex Woodlands Healthcare Partners,New York,Y
1909,202,National Academy of Medicine,NAM Member,https://nam.edu/member/frank-falkner/,1985,Frank Falkner,"University of California, Berkeley",,Y
1909,202,National Academy of Medicine,NAM Member,https://nam.edu/member/frank-v-degruy-iii/,2010,Frank V. deGruy,University of Colorado School of Medicine,Colorado,
1909,202,National Academy of Medicine,NAM Member,https://nam.edu/member/franklin-d-murphy/,1975,Franklin D. Murphy,The Times Mirror Company,,Y
1909,202,National Academy of Medicine,NAM Member,https://nam.edu/member/frederick-a-murphy/,1999,Frederick A. Murphy,The University of Texas Medical Branch at Galveston,California,
1909,202,National Academy of Medicine,NAM Member,https://nam.edu/member/frederick-mosteller/,1971,Frederick Mosteller,Harvard University,West Virginia,Y
1909,202,National Academy of Medicine,NAM Member,https://nam.edu/member/garret-a-fitzgerald/,2009,Garret A. FitzGerald,"University of Pennsylvania, Perelman School of Medicine",Pennsylvania,
1909,202,National Academy of Medicine,NAM Member,https://nam.edu/member/gary-robert-fleisher/,2006,Gary Robert Fleisher,Harvard Medical School,Massachusetts,
1909,202,National Academy of Medicine,NAM Member,https://nam.edu/member/george-p-chrousos/,2010,George P. Chrousos,University of Athens,Greece,
1909,202,National Academy of Medicine,NAM Member,https://nam.edu/member/gerald-d-rosenthal/,1978,Gerald D. Rosenthal,No Affiliation,Maryland,
1909,202,National Academy of Medicine,NAM Member,https://nam.edu/member/gerard-e-francisco/,2017,Gerard E. Francisco,The University of Texas System,Texas,
1909,202,National Academy of Medicine,NAM Member,https://nam.edu/member/gilbert-rivers-upchurch-jr/,2021,Gilbert Rivers Upchurch,University of Florida College of Medicine,Florida,
1909,202,National Academy of Medicine,NAM Member,https://nam.edu/member/gordon-h-defriese/,1994,Gordon H. DeFriese,The University of North Carolina at Chapel Hill,North Carolina,
1909,202,National Academy of Medicine,NAM Member,https://nam.edu/member/guillermo-prado/,2021,Guillermo Prado,University of Miami,Florida,
1909,202,National Academy of Medicine,NAM Member,https://nam.edu/member/h-keith-h-brodie/,1980,H. Keith H. Brodie,Duke University,,Y
1909,202,National Academy of Medicine,NAM Member,https://nam.edu/member/hannah-augusta-valantine/,2020,Hannah Augusta Valantine,Stanford University,California,
1909,202,National Academy of Medicine,NAM Member,https://nam.edu/member/harlyn-o-halvorson/,1989,Harlyn O. Halvorson,University of Massachusetts,,Y
1909,202,National Academy of Medicine,NAM Member,https://nam.edu/member/harold-j-fallon/,1989,Harold J. Fallon,Medical University of South Carolina,,Y
1909,202,National Academy of Medicine,NAM Member,https://nam.edu/member/harold-l-moses/,2003,Harold L. Moses,Vanderbilt University,Tennessee,
1909,202,National Academy of Medicine,NAM Member,https://nam.edu/member/herman-a-taylor-jr/,2020,Herman A. Taylor,Morehouse School of Medicine,Georgia,
1909,202,National Academy of Medicine,NAM Member,https://nam.edu/member/herman-a-tyroler/,1980,Herman A. Tyroler,The University of North Carolina at Chapel Hill,,Y
1909,202,National Academy of Medicine,NAM Member,https://nam.edu/member/howard-e-morgan/,1987,Howard E. Morgan,The Pennsylvania State University - University Park,,Y
1909,202,National Academy of Medicine,NAM Member,https://nam.edu/member/howard-l-bailit/,1984,Howard L. Bailit,University of Connecticut Health Center,Massachusetts,Y
1909,202,National Academy of Medicine,NAM Member,https://nam.edu/member/howard-s-frazier/,1980,Howard S. Frazier,Harvard School of Public Health,,Y
1909,202,National Academy of Medicine,NAM Member,https://nam.edu/member/hugh-smith-taylor/,2016,Hugh Smith Taylor,Yale School of Medicine,Connecticut,
1909,202,National Academy of Medicine,NAM Member,https://nam.edu/member/jack-d-barchas/,1981,Jack D. Barchas,Weill Medical College of Cornell University,California,
1909,202,National Academy of Medicine,NAM Member,https://nam.edu/member/jacquelyn-yvette-taylor/,2019,Jacquelyn Yvette Taylor,Columbia University School of Nursing,New York,
1909,202,National Academy of Medicine,NAM Member,https://nam.edu/member/james-a-morone/,2015,James A. Morone,Brown University,Rhode Island,
1909,202,National Academy of Medicine,NAM Member,https://nam.edu/member/james-a-roth/,2016,James A. Roth,Iowa State University,Iowa,
1909,202,National Academy of Medicine,NAM Member,https://nam.edu/member/jan-h-van-bemmel/,1991,Jan H. van Bemmel,Erasmus University Rotterdam,Netherlands,
1909,202,National Academy of Medicine,NAM Member,https://nam.edu/member/jason-a-burdick/,2024,Jason A. Burdick,University of Colorado,Colorado,
1909,202,National Academy of Medicine,NAM Member,https://nam.edu/member/jeffrey-c-murray/,2005,Jeffrey C. Murray,"University of Iowa, College of Medicine",Iowa,
1909,202,National Academy of Medicine,NAM Member,https://nam.edu/member/jeremy-james-farrar/,2017,Jeremy James Farrar,World Health Organization,United Kingdom,
1909,202,National Academy of Medicine,NAM Member,https://nam.edu/member/jerome-b-posner/,1992,Jerome B. Posner,Memorial Sloan Kettering Cancer Center,New York,
1909,202,National Academy of Medicine,NAM Member,https://nam.edu/member/job-dekker/,2021,Job Dekker,University of Massachusetts Chan Medical School,Massachusetts,
1909,202,National Academy of Medicine,NAM Member,https://nam.edu/member/joel-a-delisa/,2011,Joel A. DeLisa,No Affiliation,New Jersey,
1909,202,National Academy of Medicine,NAM Member,https://nam.edu/member/john-b-turner/,1971,John B. Turner,No Affiliation,,Y
1909,202,National Academy of Medicine,NAM Member,https://nam.edu/member/john-c-bailar-iii/,1993,John C. Bailar,The University of Chicago,,Y
1909,202,National Academy of Medicine,NAM Member,https://nam.edu/member/john-chae/,2011,John Chae,MetroHealth System,Ohio,
1909,202,National Academy of Medicine,NAM Member,https://nam.edu/member/john-h-morrison/,2016,John H. Morrison,"University of California, Davis School of Medicine",California,
1909,202,National Academy of Medicine,NAM Member,https://nam.edu/member/john-m-balbus/,2021,John M. Balbus,"Climate Care Consulting, LLC",Maryland,
1909,202,National Academy of Medicine,NAM Member,https://nam.edu/member/john-oliver-lang-delancey/,2012,John Oliver Lang DeLancey,University of Michigan,Michigan,
1909,202,National Academy of Medicine,NAM Member,https://nam.edu/member/john-t-potts-jr/,1986,John T. Potts,Massachusetts General Hospital,Maryland,
1909,202,National Academy of Medicine,NAM Member,https://nam.edu/member/john-w-farquhar/,1979,John W. Farquhar,Stanford University,,Y
1909,202,National Academy of Medicine,NAM Member,https://nam.edu/member/jonathan-d-moreno/,2005,Jonathan D. Moreno,University of Pennsylvania Health System,Pennsylvania,
1909,202,National Academy of Medicine,NAM Member,https://nam.edu/member/joseph-f-fraumeni-jr/,1992,Joseph F. Fraumeni,National Institutes of Health,Maryland,
1909,202,National Academy of Medicine,NAM Member,https://nam.edu/member/joseph-g-gleeson/,2013,Joseph G. Gleeson,"University of California, San Diego",California,
1909,202,National Academy of Medicine,NAM Member,https://nam.edu/member/joseph-p-vacanti/,2001,Joseph P. Vacanti,Harvard Medical School,Massachusetts,
1909,202,National Academy of Medicine,NAM Member,https://nam.edu/member/judith-l-vaitukaitis/,1996,Judith L. Vaitukaitis,No Affiliation,Maryland,Y
1909,202,National Academy of Medicine,NAM Member,https://nam.edu/member/julia-a-haller/,2019,Julia A. Haller,Wills Eye Hospital,Pennsylvania,
1909,202,National Academy of Medicine,NAM Member,https://nam.edu/member/julie-morita/,2024,Julie Morita,The Joyce Foundation,Illinois,
1909,202,National Academy of Medicine,NAM Member,https://nam.edu/member/kamil-ugurbil/,2007,Kamil Ugurbil,University of Minnesota Medical School-Minneapolis,Minnesota,
1909,202,National Academy of Medicine,NAM Member,https://nam.edu/member/kara-odom-walker/,2018,Kara Odom Walker,Nemours National Office of Policy & Prevention,District of Columbia,
1909,202,National Academy of Medicine,NAM Member,https://nam.edu/member/karen-glanz/,2013,Karen Glanz,University of Pennsylvania,Pennsylvania,
1909,202,National Academy of Medicine,NAM Member,https://nam.edu/member/karin-marie-muraszko/,2020,Karin Marie Muraszko,University of Michigan,Michigan,
1909,202,National Academy of Medicine,NAM Member,https://nam.edu/member/karl-deisseroth/,2010,Karl Deisseroth,Stanford University,California,
1909,202,National Academy of Medicine,NAM Member,https://nam.edu/member/katherine-a-fitzgerald/,2021,Katherine A. Fitzgerald,University of Massachusetts Chan Medical School,Massachusetts,
1909,202,National Academy of Medicine,NAM Member,https://nam.edu/member/katherine-baicker/,2011,Katherine Baicker,The University of Chicago,Massachusetts,
1909,202,National Academy of Medicine,NAM Member,https://nam.edu/member/kathleen-marie-potempa/,2014,Kathleen Marie Potempa,University of Michigan School of Nursing,Michigan,
1909,202,National Academy of Medicine,NAM Member,https://nam.edu/member/kathryn-e-barnard/,1985,Kathryn E. Barnard,University of Washington,,Y
1909,202,National Academy of Medicine,NAM Member,https://nam.edu/member/keith-wailoo/,2007,Keith Wailoo,Princeton University,New Jersey,
1909,202,National Academy of Medicine,NAM Member,https://nam.edu/member/kenneth-m-brinkhous/,1981,Kenneth M. Brinkhous,The University of North Carolina at Chapel Hill,Iowa,Y
1909,202,National Academy of Medicine,NAM Member,https://nam.edu/member/king-wai-yau/,2018,King-Wai Yau,Johns Hopkins University School of Medicine,Maryland,
1909,202,National Academy of Medicine,NAM Member,https://nam.edu/member/l-d-britt/,2016,L.D. Britt,Eastern Virginia Medical School,Virginia,
1909,202,National Academy of Medicine,NAM Member,https://nam.edu/member/lainie-friedman-ross/,2023,Lainie Friedman Ross,University of Rochester,New York,
1909,202,National Academy of Medicine,NAM Member,https://nam.edu/member/laurence-c-baker/,2020,Laurence C. Baker,Stanford University School of Medicine,California,
1909,202,National Academy of Medicine,NAM Member,https://nam.edu/member/laurence-r-young/,1992,Laurence R. Young,Massachusetts Institute of Technology,Massachusetts,Y
1909,202,National Academy of Medicine,NAM Member,https://nam.edu/member/laurie-h-glimcher/,1998,Laurie H. Glimcher,Dana-Farber Cancer Institute,Massachusetts,
1909,202,National Academy of Medicine,NAM Member,https://nam.edu/member/lee-alan-fleisher/,2007,Lee Alan Fleisher,"University of Pennsylvania, Perelman School of Medicine",Pennsylvania,
1909,202,National Academy of Medicine,NAM Member,https://nam.edu/member/leslie-g-ungerleider/,2001,Leslie G. Ungerleider,National Institutes of Health,Maryland,Y
1909,202,National Academy of Medicine,NAM Member,https://nam.edu/member/lewis-a-chodosh/,2017,Lewis A. Chodosh,"University of Pennsylvania, Perelman School of Medicine",Pennsylvania,
1909,202,National Academy of Medicine,NAM Member,https://nam.edu/member/lincoln-e-moses/,1975,Lincoln E. Moses,Stanford University,,Y
1909,202,National Academy of Medicine,NAM Member,https://nam.edu/member/linda-c-degutis/,2014,Linda C. Degutis,Yale School of Public Health,Georgia,
1909,202,National Academy of Medicine,NAM Member,https://nam.edu/member/linda-rosenstock/,1995,Linda Rosenstock,"University of California, Los Angeles",District of Columbia,
1909,202,National Academy of Medicine,NAM Member,https://nam.edu/member/lonnie-r-bristow/,1978,Lonnie R. Bristow,Private Practice,California,
1909,202,National Academy of Medicine,NAM Member,https://nam.edu/member/luther-p-christman/,1972,Luther P. Christman,Rush University,,Y
1909,202,National Academy of Medicine,NAM Member,https://nam.edu/member/m-daniele-fallin/,2023,M. Daniele Fallin,"Emory University, Rollins School of Public Health",Georgia,
1909,202,National Academy of Medicine,NAM Member,https://nam.edu/member/m-elizabeth-halloran/,2019,M. Elizabeth Halloran,Fred Hutchinson Cancer Center,Washington,
1909,202,National Academy of Medicine,NAM Member,https://nam.edu/member/mahlon-r-delong/,2004,Mahlon R. DeLong,Emory University School of Medicine,Georgia,
1909,202,National Academy of Medicine,NAM Member,https://nam.edu/member/margaret-moss/,2022,Margaret Moss,"University of Minnesota, Twin Cities",North Dakota,
1909,202,National Academy of Medicine,NAM Member,https://nam.edu/member/mark-a-hall/,2014,Mark A. Hall,Wake Forest University,North Carolina,
1909,202,National Academy of Medicine,NAM Member,https://nam.edu/member/mark-c-fishman/,2005,Mark C. Fishman,Harvard University,Massachusetts,
1909,202,National Academy of Medicine,NAM Member,https://nam.edu/member/mark-r-prausnitz/,2024,Mark R. Prausnitz,Georgia Institute of Technology,Georgia,
1909,202,National Academy of Medicine,NAM Member,https://nam.edu/member/marsha-a-moses/,2008,Marsha A. Moses,Harvard Medical School,Massachusetts,
1909,202,National Academy of Medicine,NAM Member,https://nam.edu/member/martin-chalfie/,2009,Martin Chalfie,Columbia University,New York,
1909,202,National Academy of Medicine,NAM Member,https://nam.edu/member/mary-bartlett-bunge/,2013,Mary Bartlett Bunge,"University of Miami, School of Medicine",Florida,Y
1909,202,National Academy of Medicine,NAM Member,https://nam.edu/member/mary-k-wakefield/,2004,Mary K. Wakefield,Department of Health and Human Services,District of Columbia,
1909,202,National Academy of Medicine,NAM Member,https://nam.edu/member/mary-o-mundinger/,1995,Mary O. Mundinger,Columbia University,New York,
1909,202,National Academy of Medicine,NAM Member,https://nam.edu/member/may-britt-moser/,2015,May-Britt Moser,Norwegian University of Science and Technology,Norway,
1909,202,National Academy of Medicine,NAM Member,https://nam.edu/member/melinda-beeuwkes-buntin/,2017,Melinda Beeuwkes Buntin,Johns Hopkins Bloomberg School of Public Health,Tennessee,
1909,202,National Academy of Medicine,NAM Member,https://nam.edu/member/melvin-a-glasser/,1974,Melvin A. Glasser,Health Security Action Council,,Y
1909,202,National Academy of Medicine,NAM Member,https://nam.edu/member/meredith-rosenthal/,2014,Meredith Rosenthal,Harvard School of Public Health,Massachusetts,
1909,202,National Academy of Medicine,NAM Member,https://nam.edu/member/methodius-gamuo-tuuli/,2023,Methodius Gamuo Tuuli,Brown University,Rhode Island,
1909,202,National Academy of Medicine,NAM Member,https://nam.edu/member/michael-i-posner/,1988,Michael I. Posner,University of Oregon,Oregon,
1909,202,National Academy of Medicine,NAM Member,https://nam.edu/member/michael-j-halberstam/,1973,Michael J. Halberstam,The George Washington University,District of Columbia,Y
1909,202,National Academy of Medicine,NAM Member,https://nam.edu/member/michael-jerome-yaszemski/,2016,Michael Jerome Yaszemski,Mayo Clinic College of Medicine,Minnesota,
1909,202,National Academy of Medicine,NAM Member,https://nam.edu/member/milnor-b-morrison-jr/,1971,Milnor B. Morrison,Private Practice,,Y
1909,202,National Academy of Medicine,NAM Member,https://nam.edu/member/namandje-n-bumpus/,2022,Namandjé N Bumpus,U.S. Food and Drug Administration,Maryland,
1909,202,National Academy of Medicine,NAM Member,https://nam.edu/member/nancy-j-tarbell/,2002,Nancy J. Tarbell,Massachusetts General Hospital,Massachusetts,
1909,202,National Academy of Medicine,NAM Member,https://nam.edu/member/neil-r-powe/,2003,Neil R. Powe,"University of California, San Francisco",Maryland,
1909,202,National Academy of Medicine,NAM Member,https://nam.edu/member/nicholas-a-christakis/,2006,Nicholas A. Christakis,Yale University,Connecticut,
1909,202,National Academy of Medicine,NAM Member,https://nam.edu/member/nicholas-peter-franks/,2024,Nicholas Peter Franks,Imperial College London,United Kingdom,
1909,202,National Academy of Medicine,NAM Member,https://nam.edu/member/nicholas-wald/,2019,Nicholas Wald,University College London,United Kingdom,
1909,202,National Academy of Medicine,NAM Member,https://nam.edu/member/olivier-pourquie/,2024,Olivier Pourquié,Brigham and Women's Hospital,Massachusetts,
1909,202,National Academy of Medicine,NAM Member,https://nam.edu/member/p-roy-vagelos/,1974,P. Roy Vagelos,No Affiliation,Missouri,
1909,202,National Academy of Medicine,NAM Member,https://nam.edu/member/pablo-a-celnik/,2021,Pablo A. Celnik,Shirley Ryan AbilityLab,Maryland,
1909,202,National Academy of Medicine,NAM Member,https://nam.edu/member/palmer-w-taylor/,1998,Palmer W. Taylor,"University of California, San Diego",Wisconsin,
1909,202,National Academy of Medicine,NAM Member,https://nam.edu/member/patricia-a-buffler/,1994,Patricia A. Buffler,"University of California, Berkeley",,Y
1909,202,National Academy of Medicine,NAM Member,https://nam.edu/member/patrick-h-deleon/,2008,Patrick H. DeLeon,Uniformed Services University of the Health Sciences,District of Columbia,
1909,202,National Academy of Medicine,NAM Member,https://nam.edu/member/paul-c-tang/,2007,Paul C. Tang,Stanford University,California,
1909,202,National Academy of Medicine,NAM Member,https://nam.edu/member/paul-e-farmer/,2003,Paul E. Farmer,Harvard Medical School,Massachusetts,Y
1909,202,National Academy of Medicine,NAM Member,https://nam.edu/member/paul-s-frame/,1988,Paul S. Frame,University of Rochester School of Medicine and Dentistry,New York,
1909,202,National Academy of Medicine,NAM Member,https://nam.edu/member/peter-a-ubel/,2019,Peter A. Ubel,Duke University,North Carolina,
1909,202,National Academy of Medicine,NAM Member,https://nam.edu/member/peter-d-gluckman/,2004,Peter D. Gluckman,University of Auckland,New Zealand,
1909,202,National Academy of Medicine,NAM Member,https://nam.edu/member/peter-j-morris/,1997,Peter J. Morris,University of Oxford,Australia,
1909,202,National Academy of Medicine,NAM Member,https://nam.edu/member/peter-l-choyke/,2020,Peter L. Choyke,National Cancer Institute,Maryland,
1909,202,National Academy of Medicine,NAM Member,https://nam.edu/member/peter-m-glazer/,2022,Peter M. Glazer,Yale School of Medicine,Connecticut,
1909,202,National Academy of Medicine,NAM Member,https://nam.edu/member/purnell-w-choppin/,1984,Purnell W. Choppin,Howard Hughes Medical Institute,New York,Y
1909,202,National Academy of Medicine,NAM Member,https://nam.edu/member/rachel-yehuda/,2019,Rachel Yehuda,Icahn School of Medicine at Mount Sinai,New York,
1909,202,National Academy of Medicine,NAM Member,https://nam.edu/member/ralph-l-brinster/,1986,Ralph L. Brinster,University of Pennsylvania,Pennsylvania,
1909,202,National Academy of Medicine,NAM Member,https://nam.edu/member/regan-lucas-bailey/,2020,Regan Lucas Bailey,Florida State University,Indiana,
1909,202,National Academy of Medicine,NAM Member,https://nam.edu/member/richard-a-flavell/,2006,Richard A. Flavell,Yale School of Medicine,Connecticut,
1909,202,National Academy of Medicine,NAM Member,https://nam.edu/member/richard-a-young/,2019,Richard A. Young,Whitehead Institute for Biomedical Research,Massachusetts,
1909,202,National Academy of Medicine,NAM Member,https://nam.edu/member/richard-frackowiak/,2009,Richard Frackowiak,Ecole Polytechnique Federale de Lausanne,France,
1909,202,National Academy of Medicine,NAM Member,https://nam.edu/member/richard-g-farmer/,1983,Richard G. Farmer,University of Rochester Medical Center,Ohio,
1909,202,National Academy of Medicine,NAM Member,https://nam.edu/member/richard-g-frank/,1997,Richard G. Frank,The Brookings Institution,Massachusetts,
1909,202,National Academy of Medicine,NAM Member,https://nam.edu/member/richard-s-ross/,1977,Richard S. Ross,Johns Hopkins University School of Medicine,,Y
1909,202,National Academy of Medicine,NAM Member,https://nam.edu/member/rita-k-chow/,1978,Rita K. Chow,National Council on Aging,,Y
1909,202,National Academy of Medicine,NAM Member,https://nam.edu/member/robert-a-fishman/,2001,Robert A. Fishman,No Affiliation,California,Y
1909,202,National Academy of Medicine,NAM Member,https://nam.edu/member/robert-b-wallace/,2001,Robert B. Wallace,The University of Iowa,Iowa,
1909,202,National Academy of Medicine,NAM Member,https://nam.edu/member/robert-d-bullard/,2024,Robert D. Bullard,Texas Southern University,Texas,
1909,202,National Academy of Medicine,NAM Member,https://nam.edu/member/robert-h-moser/,1978,Robert H. Moser,No Affiliation,,Y
1909,202,National Academy of Medicine,NAM Member,https://nam.edu/member/robert-j-glaser/,1970,Robert J. Glaser,No Affiliation,,Y
1909,202,National Academy of Medicine,NAM Member,https://nam.edu/member/robert-l-barchi/,1993,Robert L. Barchi,"Rutgers, The State University of New Jersey, New Brunswick",Pennsylvania,
1909,202,National Academy of Medicine,NAM Member,https://nam.edu/member/robert-l-van-citters/,1978,Robert L. Van Citters,University of Washington School of Medicine,,Y
1909,202,National Academy of Medicine,NAM Member,https://nam.edu/member/robert-m-glickman/,1995,Robert M. Glickman,New York University,Massachusetts,
1909,202,National Academy of Medicine,NAM Member,https://nam.edu/member/robert-otto-burciaga-valdez/,2023,Robert Otto Burciaga Valdez,Department of Health and Human Services,Maryland,
1909,202,National Academy of Medicine,NAM Member,https://nam.edu/member/rochelle-paula-walensky/,2021,Rochelle Paula Walensky,Harvard Kennedy School,Georgia,
1909,202,National Academy of Medicine,NAM Member,https://nam.edu/member/roger-i-glass/,2003,Roger I. Glass,China Medical Board,Georgia,
1909,202,National Academy of Medicine,NAM Member,https://nam.edu/member/roger-j-bulger/,1977,Roger J. Bulger,No Affiliation,Massachusetts,Y
1909,202,National Academy of Medicine,NAM Member,https://nam.edu/member/ronald-d-vale/,2014,Ronald D. Vale,Janelia Research Campus Howard Hughes Medical Institute,California,
1909,202,National Academy of Medicine,NAM Member,https://nam.edu/member/ronald-paul-dematteo/,2020,Ronald Paul DeMatteo,"University of Pennsylvania, Perelman School of Medicine",Pennsylvania,
1909,202,National Academy of Medicine,NAM Member,https://nam.edu/member/ross-l-prentice/,1990,Ross L. Prentice,Fred Hutchinson Cancer Center,Canada,
1909,202,National Academy of Medicine,NAM Member,https://nam.edu/member/rudolph-emile-tanzi/,2023,Rudolph Emile Tanzi,Massachusetts General Hospital,Massachusetts,
1909,202,National Academy of Medicine,NAM Member,https://nam.edu/member/russell-ross/,1987,Russell Ross,University of Washington,,Y
1909,202,National Academy of Medicine,NAM Member,https://nam.edu/member/ruzena-k-bajcsy/,1995,Ruzena K. Bajcsy,University of Pennsylvania,Pennsylvania,
1909,202,National Academy of Medicine,NAM Member,https://nam.edu/member/sally-c-morton-ph-d/,2024,Sally C. Morton Ph.D.,Arizona State University,Washington,
1909,202,National Academy of Medicine,NAM Member,https://nam.edu/member/samuel-broder/,1993,Samuel Broder,Celera Genomics,Maryland,
1909,202,National Academy of Medicine,NAM Member,https://nam.edu/member/samuel-h-preston/,1991,Samuel H. Preston,University of Pennsylvania,Pennsylvania,
1909,202,National Academy of Medicine,NAM Member,https://nam.edu/member/samuel-s-c-yen/,1986,Samuel S.C. Yen,"University of California, San Diego School of Medicine",,Y
1909,202,National Academy of Medicine,NAM Member,https://nam.edu/member/sarah-jane-halton/,2016,Sarah Jane Halton,University of Canberra,Australia,
1909,202,National Academy of Medicine,NAM Member,https://nam.edu/member/saul-j-farber/,1975,Saul J. Farber,New York University,,Y
1909,202,National Academy of Medicine,NAM Member,https://nam.edu/member/scott-david-halpern/,2024,Scott David Halpern,University of Pennsylvania,Pennsylvania,
1909,202,National Academy of Medicine,NAM Member,https://nam.edu/member/scott-e-fraser/,2020,Scott E. Fraser,California Institute of Technology,California,
1909,202,National Academy of Medicine,NAM Member,https://nam.edu/member/sean-j-morrison/,2018,Sean J. Morrison,The University of Texas Southwestern Medical Center,Texas,
1909,202,National Academy of Medicine,NAM Member,https://nam.edu/member/serdar-e-bulun/,2015,Serdar E. Bulun,Northwestern University Feinberg School of Medicine,Illinois,
1909,202,National Academy of Medicine,NAM Member,https://nam.edu/member/shari-barkin/,2021,Shari Barkin,Children's Healthcare of Atlanta,Tennessee,
1909,202,National Academy of Medicine,NAM Member,https://nam.edu/member/sherry-glied/,2006,Sherry Glied,New York University,New York,
1909,202,National Academy of Medicine,NAM Member,https://nam.edu/member/shimon-m-glick/,2000,Shimon M. Glick,Ben-Gurion University of the Negev,Israel,
1909,202,National Academy of Medicine,NAM Member,https://nam.edu/member/sohail-f-tavazoie/,2022,Sohail F. Tavazoie,The Rockefeller University,New York,
1909,202,National Academy of Medicine,NAM Member,https://nam.edu/member/stanley-falkow/,1997,Stanley Falkow,Stanford University,California,Y
1909,202,National Academy of Medicine,NAM Member,https://nam.edu/member/steven-r-tannenbaum/,1996,Steven R. Tannenbaum,Massachusetts Institute of Technology,Massachusetts,
1909,202,National Academy of Medicine,NAM Member,https://nam.edu/member/susan-a-murphy/,2014,Susan A. Murphy,Harvard University,Massachusetts,
1909,202,National Academy of Medicine,NAM Member,https://nam.edu/member/suzanne-bakken/,2006,Suzanne Bakken,Columbia University,New York,
1909,202,National Academy of Medicine,NAM Member,https://nam.edu/member/suzanne-p-murphy/,2010,Suzanne P. Murphy,University of Hawaii at Manoa,Hawaii,
1909,202,National Academy of Medicine,NAM Member,https://nam.edu/member/tadatsugu-taniguchi/,2016,Tadatsugu Taniguchi,The University of Tokyo,Japan,
1909,202,National Academy of Medicine,NAM Member,https://nam.edu/member/terry-l-vanden-hoek/,2023,Terry L. Vanden Hoek,University of Illinois Hospital,Illinois,
1909,202,National Academy of Medicine,NAM Member,https://nam.edu/member/thomas-a-waldmann/,1992,Thomas A. Waldmann,National Institutes of Health,Maryland,Y
1909,202,National Academy of Medicine,NAM Member,https://nam.edu/member/thomas-b-fitzpatrick/,1994,Thomas B. Fitzpatrick,Massachusetts General Hospital,,Y
1909,202,National Academy of Medicine,NAM Member,https://nam.edu/member/thomas-r-cech/,2000,Thomas R. Cech,University of Colorado Boulder,Maryland,
1909,202,National Academy of Medicine,NAM Member,https://nam.edu/member/uta-francke/,1990,Uta Francke,Stanford University School of Medicine,Germany,
1909,202,National Academy of Medicine,NAM Member,https://nam.edu/member/victoria-g-hale/,2007,Victoria G. Hale,"Sacred Medicines, PBC",California,
1909,202,National Academy of Medicine,NAM Member,https://nam.edu/member/w-o-baker/,1972,W. O. Baker,"Bell Laboratories, Lucent Technologies",Maryland,Y
1909,202,National Academy of Medicine,NAM Member,https://nam.edu/member/wataru-mori/,1990,Wataru Mori,The Health Care Science Institute,Japan,Y
1909,202,National Academy of Medicine,NAM Member,https://nam.edu/member/wayne-m-yokoyama/,2012,Wayne M. Yokoyama,Washington University School of Medicine in St. Louis,Missouri,
1909,202,National Academy of Medicine,NAM Member,https://nam.edu/member/webster-k-cavenee/,2007,Webster K. Cavenee,"University of California, San Diego",California,
1909,202,National Academy of Medicine,NAM Member,https://nam.edu/member/wendy-k-chung/,2020,Wendy K. Chung,Columbia University,New York,
1909,202,National Academy of Medicine,NAM Member,https://nam.edu/member/william-e-bunney/,1986,William E. Bunney,"University of California, Irvine",California,
1909,202,National Academy of Medicine,NAM Member,https://nam.edu/member/william-r-brinkley/,1999,William R. Brinkley,Baylor College of Medicine,Texas,Y
1909,202,National Academy of Medicine,NAM Member,https://nam.edu/member/wylie-vale/,2000,Wylie Vale,Salk Institute for Biological Studies,California,Y
1909,202,National Academy of Medicine,NAM Member,https://nam.edu/member/yang-chai/,2018,Yang Chai,University of Southern California,California,
1909,202,National Academy of Medicine,NAM Member,https://nam.edu/member/zach-w-hall/,1997,Zach W. Hall,"University of California, San Francisco",Maryland,
1909,202,National Academy of Medicine,NAM Member,https://nam.edu/member/zang-hee-cho/,1997,Zang-Hee Cho,University of Suwon,South Korea,
